Img_url,Reply,Title,Url,Vote
https://img3.doubanio.com/view/movie_poster_cover/ipst/public/p480747492.jpg,,,https://movie.douban.com/subject/1292052/,
https://img3.doubanio.com/view/movie_poster_cover/ipst/public/p511118051.jpg,,,https://movie.douban.com/subject/1295644/,
https://img3.doubanio.com/view/movie_poster_cover/ipst/public/p1910813120.jpg,,,https://movie.douban.com/subject/1291546/,
https://img1.doubanio.com/view/movie_poster_cover/ipst/public/p510876377.jpg,,,https://movie.douban.com/subject/1292720/,
https://img3.doubanio.com/view/movie_poster_cover/ipst/public/p510861873.jpg,,,https://movie.douban.com/subject/1292063/,
https://img3.doubanio.com/view/movie_poster_cover/ipst/public/p1910830216.jpg,,,https://movie.douban.com/subject/1291561/,
https://img3.doubanio.com/view/movie_poster_cover/ipst/public/p492406163.jpg,,,https://movie.douban.com/subject/1295124/,
https://img3.doubanio.com/view/movie_poster_cover/ipst/public/p457760035.jpg,,,https://movie.douban.com/subject/1292722/,
https://img3.doubanio.com/view/movie_poster_cover/ipst/public/p513344864.jpg,,,https://movie.douban.com/subject/3541415/,
https://img3.doubanio.com/view/movie_poster_cover/ipst/public/p449665982.jpg,,,https://movie.douban.com/subject/2131459/,
https://img1.doubanio.com/view/movie_poster_cover/ipst/public/p511146957.jpg,,,https://movie.douban.com/subject/1292001/,
https://img3.doubanio.com/view/movie_poster_cover/ipst/public/p579729551.jpg,,,https://movie.douban.com/subject/3793023/,
https://img3.doubanio.com/view/movie_poster_cover/ipst/public/p524964016.jpg,,,https://movie.douban.com/subject/3011091/,
https://img3.doubanio.com/view/movie_poster_cover/ipst/public/p1910824951.jpg,,,https://movie.douban.com/subject/1291549/,
https://img3.doubanio.com/view/movie_poster_cover/ipst/public/p2455050536.jpg,,,https://movie.douban.com/subject/1292213/,
https://img3.doubanio.com/view/movie_poster_cover/ipst/public/p1853232210.jpg,,,https://movie.douban.com/subject/1291841/,
https://img1.doubanio.com/view/movie_poster_cover/ipst/public/p1910829638.jpg,,,https://movie.douban.com/subject/1291560/,
https://img3.doubanio.com/view/movie_poster_cover/ipst/public/p479682972.jpg,,,https://movie.douban.com/subject/1292064/,
https://img3.doubanio.com/view/movie_poster_cover/ipst/public/p1963126880.jpg,,,https://movie.douban.com/subject/1300267/,
https://img3.doubanio.com/view/movie_poster_cover/ipst/public/p1910901025.jpg,,,https://movie.douban.com/subject/1291828/,
https://img1.doubanio.com/view/movie_poster_cover/ipst/public/p1312700628.jpg,,,https://movie.douban.com/subject/1849031/,
https://img3.doubanio.com/view/movie_poster_cover/ipst/public/p1454261925.jpg,,,https://movie.douban.com/subject/6786002/,
https://img1.doubanio.com/view/movie_poster_cover/ipst/public/p1910926158.jpg,,,https://movie.douban.com/subject/1292000/,
https://img3.doubanio.com/view/movie_poster_cover/ipst/public/p2173577632.jpg,,,https://movie.douban.com/subject/1293182/,
https://img3.doubanio.com/view/movie_poster_cover/ipst/public/p2233971046.jpg,,,https://movie.douban.com/subject/1307914/,
https://img3.doubanio.com/view/movie_poster_cover/ipst/public/p1363250216.jpg,,,https://movie.douban.com/subject/5912992/,
https://img3.doubanio.com/view/movie_poster_cover/ipst/public/p1910825503.jpg,,,https://movie.douban.com/subject/1291552/,
https://img3.doubanio.com/view/movie_poster_cover/ipst/public/p663036666.jpg,,,https://movie.douban.com/subject/3319755/,
https://img1.doubanio.com/view/movie_poster_cover/ipst/public/p1446261379.jpg,,,https://movie.douban.com/subject/1291583/,
https://img3.doubanio.com/view/movie_poster_cover/ipst/public/p2189265085.jpg,,,https://movie.douban.com/subject/1293839/,
https://img3.doubanio.com/view/movie_poster_cover/ipst/public/p1784592701.jpg,,,https://movie.douban.com/subject/1929463/,
https://img3.doubanio.com/view/movie_poster_cover/ipst/public/p1181775734.jpg,,,https://movie.douban.com/subject/1291858/,
https://img3.doubanio.com/view/movie_poster_cover/ipst/public/p2206088801.jpg,,,https://movie.douban.com/subject/1889243/,
https://img3.doubanio.com/view/movie_poster_cover/ipst/public/p1280323646.jpg,,,https://movie.douban.com/subject/1299398/,
https://img3.doubanio.com/view/movie_poster_cover/ipst/public/p462657443.jpg,,,https://movie.douban.com/subject/1851857/,
https://img1.doubanio.com/view/movie_poster_cover/ipst/public/p792443418.jpg,,,https://movie.douban.com/subject/1293350/,
https://img3.doubanio.com/view/movie_poster_cover/ipst/public/p465583562.jpg,,,https://movie.douban.com/subject/2129039/,
https://img3.doubanio.com/view/movie_poster_cover/ipst/public/p2173575484.jpg,,,https://movie.douban.com/subject/1292365/,
https://img1.doubanio.com/view/movie_poster_cover/ipst/public/p792238287.jpg,,,https://movie.douban.com/subject/1292224/,
https://img1.doubanio.com/view/movie_poster_cover/ipst/public/p1808872109.jpg,,,https://movie.douban.com/subject/1900841/,
https://img3.doubanio.com/view/movie_poster_cover/ipst/public/p455222172.jpg,,,https://movie.douban.com/subject/3442220/,
https://img1.doubanio.com/view/movie_poster_cover/ipst/public/p925123037.jpg,,,https://movie.douban.com/subject/1298624/,
https://img3.doubanio.com/view/movie_poster_cover/ipst/public/p1465235231.jpg,,,https://movie.douban.com/subject/1309046/,
https://img3.doubanio.com/view/movie_poster_cover/ipst/public/p1665997400.jpg,,,https://movie.douban.com/subject/1306029/,
https://img3.doubanio.com/view/movie_poster_cover/ipst/public/p616779231.jpg,,,https://movie.douban.com/subject/1299131/,
https://img3.doubanio.com/view/movie_poster_cover/ipst/public/p2174346180.jpg,,,https://movie.douban.com/subject/1308807/,
https://img3.doubanio.com/view/movie_poster_cover/ipst/public/p909265336.jpg,,,https://movie.douban.com/subject/1291572/,
https://img3.doubanio.com/view/movie_poster_cover/ipst/public/p1354436051.jpg,,,https://movie.douban.com/subject/1291571/,
https://img3.doubanio.com/view/movie_poster_cover/ipst/public/p803896904.jpg,,,https://movie.douban.com/subject/1292215/,
https://img1.doubanio.com/view/movie_poster_cover/ipst/public/p449897379.jpg,,,https://movie.douban.com/subject/1292220/,
https://img3.doubanio.com/view/movie_poster_cover/ipst/public/p1910824340.jpg,,,https://movie.douban.com/subject/1291548/,
https://img1.doubanio.com/view/movie_poster_cover/ipst/public/p477229647.jpg,,,https://movie.douban.com/subject/1292262/,
https://img3.doubanio.com/view/movie_poster_cover/ipst/public/p457631605.jpg,,,https://movie.douban.com/subject/1292223/,
https://img3.doubanio.com/view/movie_poster_cover/ipst/public/p792484461.jpg,,,https://movie.douban.com/subject/1296736/,
https://img1.doubanio.com/view/movie_poster_cover/ipst/public/p2277799019.jpg,,,https://movie.douban.com/subject/1301753/,
https://img1.doubanio.com/view/movie_poster_cover/ipst/public/p1505392928.jpg,,,https://movie.douban.com/subject/1296141/,
https://img3.doubanio.com/view/movie_poster_cover/ipst/public/p2158166535.jpg,,,https://movie.douban.com/subject/21937445/,
https://img1.doubanio.com/view/movie_poster_cover/ipst/public/p453723669.jpg,,,https://movie.douban.com/subject/1787291/,
https://img3.doubanio.com/view/movie_poster_cover/ipst/public/p480383375.jpg,,,https://movie.douban.com/subject/1780330/,
https://img3.doubanio.com/view/movie_poster_cover/ipst/public/p1374546770.jpg,,,https://movie.douban.com/subject/1294639/,
https://img1.doubanio.com/view/movie_poster_cover/ipst/public/p480956937.jpg,,,https://movie.douban.com/subject/1292370/,
https://img3.doubanio.com/view/movie_poster_cover/ipst/public/p1910899751.jpg,,,https://movie.douban.com/subject/1291818/,
https://img3.doubanio.com/view/movie_poster_cover/ipst/public/p2173580603.jpg,,,https://movie.douban.com/subject/1303021/,
https://img1.doubanio.com/view/movie_poster_cover/ipst/public/p453788577.jpg,,,https://movie.douban.com/subject/1294408/,
https://img3.doubanio.com/view/movie_poster_cover/ipst/public/p1910902213.jpg,,,https://movie.douban.com/subject/1291832/,
https://img1.doubanio.com/view/movie_poster_cover/ipst/public/p594972928.jpg,,,https://movie.douban.com/subject/2149806/,
https://img3.doubanio.com/view/movie_poster_cover/ipst/public/p2177269645.jpg,,,https://movie.douban.com/subject/1485260/,
https://img1.doubanio.com/view/movie_poster_cover/ipst/public/p1593414327.jpg,,,https://movie.douban.com/subject/1293544/,
https://img1.doubanio.com/view/movie_poster_cover/ipst/public/p2209066019.jpg,,,https://movie.douban.com/subject/1292343/,
https://img3.doubanio.com/view/movie_poster_cover/ipst/public/p1910908765.jpg,,,https://movie.douban.com/subject/1291843/,
https://img3.doubanio.com/view/movie_poster_cover/ipst/public/p1014542496.jpg,,,https://movie.douban.com/subject/1292849/,
https://img3.doubanio.com/view/movie_poster_cover/ipst/public/p2118532944.jpg,,,https://movie.douban.com/subject/21937452/,
https://img3.doubanio.com/view/movie_poster_cover/ipst/public/p792400696.jpg,,,https://movie.douban.com/subject/1292402/,
https://img1.doubanio.com/view/movie_poster_cover/ipst/public/p1820615077.jpg,,,https://movie.douban.com/subject/3072124/,
https://img3.doubanio.com/view/movie_poster_cover/ipst/public/p480965695.jpg,,,https://movie.douban.com/subject/1292656/,
https://img3.doubanio.com/view/movie_poster_cover/ipst/public/p1613191025.jpg,,,https://movie.douban.com/subject/1297359/,
https://img3.doubanio.com/view/movie_poster_cover/ipst/public/p2220184425.jpg,,,https://movie.douban.com/subject/1297630/,
https://img1.doubanio.com/view/movie_poster_cover/ipst/public/p967457079.jpg,,,https://movie.douban.com/subject/1291875/,
https://img3.doubanio.com/view/movie_poster_cover/ipst/public/p465939041.jpg,,,https://movie.douban.com/subject/1292679/,
https://img1.doubanio.com/view/movie_poster_cover/ipst/public/p1512562287.jpg,,,https://movie.douban.com/subject/3742360/,
https://img1.doubanio.com/view/movie_poster_cover/ipst/public/p2184505167.jpg,,,https://movie.douban.com/subject/1418019/,
https://img3.doubanio.com/view/movie_poster_cover/ipst/public/p692813374.jpg,,,https://movie.douban.com/subject/1291545/,
https://img3.doubanio.com/view/movie_poster_cover/ipst/public/p1993903133.jpg,,,https://movie.douban.com/subject/1316510/,
https://img3.doubanio.com/view/movie_poster_cover/ipst/public/p792381411.jpg,,,https://movie.douban.com/subject/1291999/,
https://img1.doubanio.com/view/movie_poster_cover/ipst/public/p1374786017.jpg,,,https://movie.douban.com/subject/4917726/,
https://img3.doubanio.com/view/movie_poster_cover/ipst/public/p455677490.jpg,,,https://movie.douban.com/subject/1292208/,
https://img3.doubanio.com/view/movie_poster_cover/ipst/public/p2223011274.jpg,,,https://movie.douban.com/subject/1305164/,
https://img1.doubanio.com/view/movie_poster_cover/ipst/public/p1832875827.jpg,,,https://movie.douban.com/subject/2334904/,
https://img3.doubanio.com/view/movie_poster_cover/ipst/public/p453720880.jpg,,,https://movie.douban.com/subject/1297192/,
https://img1.doubanio.com/view/movie_poster_cover/ipst/public/p2315672647.jpg,,,https://movie.douban.com/subject/25662329/,
https://img3.doubanio.com/view/movie_poster_cover/ipst/public/p689520756.jpg,,,https://movie.douban.com/subject/4268598/,
https://img1.doubanio.com/view/movie_poster_cover/ipst/public/p2119675128.jpg,,,https://movie.douban.com/subject/1292434/,
https://img3.doubanio.com/view/movie_poster_cover/ipst/public/p1596085504.jpg,,,https://movie.douban.com/subject/1298070/,
https://img1.doubanio.com/view/movie_poster_cover/ipst/public/p1546987967.jpg,,,https://movie.douban.com/subject/6985810/,
https://img3.doubanio.com/view/movie_poster_cover/ipst/public/p1486234122.jpg,,,https://movie.douban.com/subject/1296339/,
https://img3.doubanio.com/view/movie_poster_cover/ipst/public/p2178872593.jpg,,,https://movie.douban.com/subject/11525673/,
https://img1.doubanio.com/view/movie_poster_cover/ipst/public/p513535588.jpg,,,https://movie.douban.com/subject/1418834/,
https://img1.doubanio.com/view/movie_poster_cover/ipst/public/p2180085848.jpg,,,https://movie.douban.com/subject/1652587/,
https://img3.doubanio.com/view/movie_poster_cover/ipst/public/p1917567652.jpg,,,https://movie.douban.com/subject/1291585/,
https://img3.doubanio.com/view/movie_poster_cover/ipst/public/p2173707976.jpg,,,https://movie.douban.com/subject/1294371/,
https://img3.doubanio.com/view/movie_poster_cover/ipst/public/p453924541.jpg,,,https://movie.douban.com/subject/1305487/,
https://img1.doubanio.com/view/movie_poster_cover/ipst/public/p1157334208.jpg,,,https://movie.douban.com/subject/1293318/,
https://img3.doubanio.com/view/movie_poster_cover/ipst/public/p452088641.jpg,,,https://movie.douban.com/subject/1293172/,
https://img3.doubanio.com/view/movie_poster_cover/ipst/public/p1910924055.jpg,,,https://movie.douban.com/subject/1291990/,
https://img3.doubanio.com/view/movie_poster_cover/ipst/public/p456692072.jpg,,,https://movie.douban.com/subject/1297052/,
https://img3.doubanio.com/view/movie_poster_cover/ipst/public/p804947166.jpg,,,https://movie.douban.com/subject/1295038/,
https://img1.doubanio.com/view/movie_poster_cover/ipst/public/p450042258.jpg,,,https://movie.douban.com/subject/2353023/,
https://img3.doubanio.com/view/movie_poster_cover/ipst/public/p1305562621.jpg,,,https://movie.douban.com/subject/5322596/,
https://img3.doubanio.com/view/movie_poster_cover/ipst/public/p497010372.jpg,,,https://movie.douban.com/subject/3443389/,
https://img1.doubanio.com/view/movie_poster_cover/ipst/public/p854757687.jpg,,,https://movie.douban.com/subject/1292274/,
https://img3.doubanio.com/view/movie_poster_cover/ipst/public/p1473670352.jpg,,,https://movie.douban.com/subject/3008247/,
https://img3.doubanio.com/view/movie_poster_cover/ipst/public/p751835224.jpg,,,https://movie.douban.com/subject/1293359/,
https://img3.doubanio.com/view/movie_poster_cover/ipst/public/p2221768894.jpg,,,https://movie.douban.com/subject/21318488/,
https://img1.doubanio.com/view/movie_poster_cover/ipst/public/p1023654037.jpg,,,https://movie.douban.com/subject/1295865/,
https://img3.doubanio.com/view/movie_poster_cover/ipst/public/p2347277555.jpg,,,https://movie.douban.com/subject/1297447/,
https://img1.doubanio.com/view/movie_poster_cover/ipst/public/p792776858.jpg,,,https://movie.douban.com/subject/3287562/,
https://img3.doubanio.com/view/movie_poster_cover/ipst/public/p2163771304.jpg,,,https://movie.douban.com/subject/1417598/,
https://img1.doubanio.com/view/movie_poster_cover/ipst/public/p792223507.jpg,,,https://movie.douban.com/subject/1578507/,
https://img3.doubanio.com/view/movie_poster_cover/ipst/public/p456666151.jpg,,,https://movie.douban.com/subject/3792799/,
https://img3.doubanio.com/view/movie_poster_cover/ipst/public/p617533616.jpg,,,https://movie.douban.com/subject/4202302/,
https://img3.doubanio.com/view/movie_poster_cover/ipst/public/p475600770.jpg,,,https://movie.douban.com/subject/1292401/,
https://img3.doubanio.com/view/movie_poster_cover/ipst/public/p942376281.jpg,,,https://movie.douban.com/subject/1291870/,
https://img3.doubanio.com/view/movie_poster_cover/ipst/public/p2016930906.jpg,,,https://movie.douban.com/subject/21360417/,
https://img3.doubanio.com/view/movie_poster_cover/ipst/public/p647099823.jpg,,,https://movie.douban.com/subject/1295399/,
https://img3.doubanio.com/view/movie_poster_cover/ipst/public/p2399597512.jpg,,,https://movie.douban.com/subject/1296909/,
https://img1.doubanio.com/view/movie_poster_cover/ipst/public/p470476887.jpg,,,https://movie.douban.com/subject/2209573/,
https://img3.doubanio.com/view/movie_poster_cover/ipst/public/p1982176012.jpg,,,https://movie.douban.com/subject/1292328/,
https://img3.doubanio.com/view/movie_poster_cover/ipst/public/p641688453.jpg,,,https://movie.douban.com/subject/1304447/,
https://img1.doubanio.com/view/movie_poster_cover/ipst/public/p480225538.jpg,,,https://movie.douban.com/subject/1300299/,
https://img1.doubanio.com/view/movie_poster_cover/ipst/public/p1867084027.jpg,,,https://movie.douban.com/subject/1907966/,
https://img3.doubanio.com/view/movie_poster_cover/ipst/public/p672363704.jpg,,,https://movie.douban.com/subject/1865703/,
https://img1.doubanio.com/view/movie_poster_cover/ipst/public/p1805127697.jpg,,,https://movie.douban.com/subject/1291579/,
https://img3.doubanio.com/view/movie_poster_cover/ipst/public/p2159368352.jpg,,,https://movie.douban.com/subject/1291822/,
https://img3.doubanio.com/view/movie_poster_cover/ipst/public/p719282906.jpg,,,https://movie.douban.com/subject/1978709/,
https://img3.doubanio.com/view/movie_poster_cover/ipst/public/p2079334286.jpg,,,https://movie.douban.com/subject/1937946/,
https://img1.doubanio.com/view/movie_poster_cover/ipst/public/p2351134499.jpg,,,https://movie.douban.com/subject/1293964/,
https://img3.doubanio.com/view/movie_poster_cover/ipst/public/p483604864.jpg,,,https://movie.douban.com/subject/1309163/,
https://img1.doubanio.com/view/movie_poster_cover/ipst/public/p513567548.jpg,,,https://movie.douban.com/subject/1292528/,
https://img3.doubanio.com/view/movie_poster_cover/ipst/public/p2173713676.jpg,,,https://movie.douban.com/subject/1303037/,
https://img3.doubanio.com/view/movie_poster_cover/ipst/public/p2157672975.jpg,,,https://movie.douban.com/subject/1297574/,
https://img3.doubanio.com/view/movie_poster_cover/ipst/public/p1612355875.jpg,,,https://movie.douban.com/subject/1293460/,
https://img3.doubanio.com/view/movie_poster_cover/ipst/public/p2221319641.jpg,,,https://movie.douban.com/subject/25814705/,
https://img3.doubanio.com/view/movie_poster_cover/ipst/public/p452005185.jpg,,,https://movie.douban.com/subject/1418200/,
https://img3.doubanio.com/view/movie_poster_cover/ipst/public/p1043597424.jpg,,,https://movie.douban.com/subject/1302425/,
https://img3.doubanio.com/view/movie_poster_cover/ipst/public/p2169664351.jpg,,,https://movie.douban.com/subject/1294240/,
https://img3.doubanio.com/view/movie_poster_cover/ipst/public/p792403691.jpg,,,https://movie.douban.com/subject/1300992/,
https://img3.doubanio.com/view/movie_poster_cover/ipst/public/p2173708731.jpg,,,https://movie.douban.com/subject/1295409/,
https://img1.doubanio.com/view/movie_poster_cover/ipst/public/p1283675359.jpg,,,https://movie.douban.com/subject/1858711/,
https://img1.doubanio.com/view/movie_poster_cover/ipst/public/p1272904657.jpg,,,https://movie.douban.com/subject/5989818/,
https://img1.doubanio.com/view/movie_poster_cover/ipst/public/p792257137.jpg,,,https://movie.douban.com/subject/1302827/,
https://img3.doubanio.com/view/movie_poster_cover/ipst/public/p652417775.jpg,,,https://movie.douban.com/subject/1306861/,
https://img3.doubanio.com/view/movie_poster_cover/ipst/public/p1344888983.jpg,,,https://movie.douban.com/subject/2297265/,
https://img1.doubanio.com/view/movie_poster_cover/ipst/public/p470006658.jpg,,,https://movie.douban.com/subject/1760622/,
https://img1.doubanio.com/view/movie_poster_cover/ipst/public/p1910895719.jpg,,,https://movie.douban.com/subject/1291578/,
https://img3.doubanio.com/view/movie_poster_cover/ipst/public/p1816276065.jpg,,,https://movie.douban.com/subject/10777687/,
https://img3.doubanio.com/view/movie_poster_cover/ipst/public/p917846733.jpg,,,https://movie.douban.com/subject/3011235/,
https://img3.doubanio.com/view/movie_poster_cover/ipst/public/p2075132390.jpg,,,https://movie.douban.com/subject/1388216/,
https://img3.doubanio.com/view/movie_poster_cover/ipst/public/p1910828286.jpg,,,https://movie.douban.com/subject/1291557/,
https://img3.doubanio.com/view/movie_poster_cover/ipst/public/p2074443514.jpg,,,https://movie.douban.com/subject/1397546/,
https://img1.doubanio.com/view/movie_poster_cover/ipst/public/p1140984198.jpg,,,https://movie.douban.com/subject/2213597/,
https://img3.doubanio.com/view/movie_poster_cover/ipst/public/p2189835254.jpg,,,https://movie.douban.com/subject/5964718/,
https://img1.doubanio.com/view/movie_poster_cover/ipst/public/p455724599.jpg,,,https://movie.douban.com/subject/1300960/,
https://img1.doubanio.com/view/movie_poster_cover/ipst/public/p1864872647.jpg,,,https://movie.douban.com/subject/1291879/,
https://img3.doubanio.com/view/movie_poster_cover/ipst/public/p2192834364.jpg,,,https://movie.douban.com/subject/24750126/,
https://img3.doubanio.com/view/movie_poster_cover/ipst/public/p982896012.jpg,,,https://movie.douban.com/subject/2043546/,
https://img3.doubanio.com/view/movie_poster_cover/ipst/public/p884936202.jpg,,,https://movie.douban.com/subject/1292270/,
https://img3.doubanio.com/view/movie_poster_cover/ipst/public/p453719066.jpg,,,https://movie.douban.com/subject/1419936/,
https://img3.doubanio.com/view/movie_poster_cover/ipst/public/p2363208684.jpg,,,https://movie.douban.com/subject/1308857/,
https://img3.doubanio.com/view/movie_poster_cover/ipst/public/p2275298525.jpg,,,https://movie.douban.com/subject/25917973/,
https://img3.doubanio.com/view/movie_poster_cover/ipst/public/p2070153774.jpg,,,https://movie.douban.com/subject/10577869/,
https://img3.doubanio.com/view/movie_poster_cover/ipst/public/p1946455272.jpg,,,https://movie.douban.com/subject/1306249/,
https://img1.doubanio.com/view/movie_poster_cover/ipst/public/p2224568669.jpg,,,https://movie.douban.com/subject/11026735/,
https://img3.doubanio.com/view/movie_poster_cover/ipst/public/p1973489335.jpg,,,https://movie.douban.com/subject/2363506/,
https://img3.doubanio.com/view/movie_poster_cover/ipst/public/p769608791.jpg,,,https://movie.douban.com/subject/3007773/,
https://img3.doubanio.com/view/movie_poster_cover/ipst/public/p1706428744.jpg,,,https://movie.douban.com/subject/3395373/,
https://img3.doubanio.com/view/movie_poster_cover/ipst/public/p667644866.jpg,,,https://movie.douban.com/subject/1308767/,
https://img3.doubanio.com/view/movie_poster_cover/ipst/public/p1597183981.jpg,,,https://movie.douban.com/subject/1304102/,
https://img1.doubanio.com/view/movie_poster_cover/ipst/public/p2215147728.jpg,,,https://movie.douban.com/subject/25814707/,
https://img3.doubanio.com/view/movie_poster_cover/ipst/public/p924558512.jpg,,,https://movie.douban.com/subject/1305690/,
https://img3.doubanio.com/view/movie_poster_cover/ipst/public/p462470694.jpg,,,https://movie.douban.com/subject/3011051/,
https://img1.doubanio.com/view/movie_poster_cover/ipst/public/p2238274168.jpg,,,https://movie.douban.com/subject/1292281/,
https://img1.doubanio.com/view/movie_poster_cover/ipst/public/p465687407.jpg,,,https://movie.douban.com/subject/1905462/,
https://img1.doubanio.com/view/movie_poster_cover/ipst/public/p2166160837.jpg,,,https://movie.douban.com/subject/1793929/,
https://img3.doubanio.com/view/movie_poster_cover/ipst/public/p1021883305.jpg,,,https://movie.douban.com/subject/1293181/,
https://img3.doubanio.com/view/movie_poster_cover/ipst/public/p636048104.jpg,,,https://movie.douban.com/subject/1292728/,
https://img3.doubanio.com/view/movie_poster_cover/ipst/public/p767586451.jpg,,,https://movie.douban.com/subject/1300374/,
https://img3.doubanio.com/view/movie_poster_cover/ipst/public/p2220776342.jpg,,,https://movie.douban.com/subject/25773932/,
https://img3.doubanio.com/view/movie_poster_cover/ipst/public/p1351050722.jpg,,,https://movie.douban.com/subject/1395091/,
https://img3.doubanio.com/view/movie_poster_cover/ipst/public/p456676352.jpg,,,https://movie.douban.com/subject/1307811/,
https://img3.doubanio.com/view/movie_poster_cover/ipst/public/p2250287733.jpg,,,https://movie.douban.com/subject/6874403/,
https://img3.doubanio.com/view/movie_poster_cover/ipst/public/p1910832390.jpg,,,https://movie.douban.com/subject/1291568/,
https://img3.doubanio.com/view/movie_poster_cover/ipst/public/p1244791866.jpg,,,https://movie.douban.com/subject/1296753/,
https://img3.doubanio.com/view/movie_poster_cover/ipst/public/p848381236.jpg,,,https://movie.douban.com/subject/1292329/,
https://img3.doubanio.com/view/movie_poster_cover/ipst/public/p532195562.jpg,,,https://movie.douban.com/subject/1307793/,
https://img1.doubanio.com/view/movie_poster_cover/ipst/public/p1959232369.jpg,,,https://movie.douban.com/subject/6307447/,
https://img3.doubanio.com/view/movie_poster_cover/ipst/public/p794583044.jpg,,,https://movie.douban.com/subject/1291992/,
https://img3.doubanio.com/view/movie_poster_cover/ipst/public/p513303986.jpg,,,https://movie.douban.com/subject/2300586/,
https://img3.doubanio.com/view/movie_poster_cover/ipst/public/p2173855883.jpg,,,https://movie.douban.com/subject/1292659/,
https://img3.doubanio.com/view/movie_poster_cover/ipst/public/p1910909085.jpg,,,https://movie.douban.com/subject/1291844/,
https://img3.doubanio.com/view/movie_poster_cover/ipst/public/p2408623752.jpg,,,https://movie.douban.com/subject/1291853/,
https://img3.doubanio.com/view/movie_poster_cover/ipst/public/p2297934945.jpg,,,https://movie.douban.com/subject/1959195/,
https://img3.doubanio.com/view/movie_poster_cover/ipst/public/p984732992.jpg,,,https://movie.douban.com/subject/1294638/,
https://img3.doubanio.com/view/movie_poster_cover/ipst/public/p496133870.jpg,,,https://movie.douban.com/subject/4798888/,
https://img1.doubanio.com/view/movie_poster_cover/ipst/public/p2163636038.jpg,,,https://movie.douban.com/subject/1307315/,
https://img3.doubanio.com/view/movie_poster_cover/ipst/public/p584021784.jpg,,,https://movie.douban.com/subject/1303394/,
https://img3.doubanio.com/view/movie_poster_cover/ipst/public/p529908155.jpg,,,https://movie.douban.com/subject/1292233/,
https://img3.doubanio.com/view/movie_poster_cover/ipst/public/p988260245.jpg,,,https://movie.douban.com/subject/3075287/,
https://img1.doubanio.com/view/movie_poster_cover/ipst/public/p2101693489.jpg,,,https://movie.douban.com/subject/1401118/,
https://img1.doubanio.com/view/movie_poster_cover/ipst/public/p443461818.jpg,,,https://movie.douban.com/subject/1302467/,
https://img1.doubanio.com/view/movie_poster_cover/ipst/public/p1421018669.jpg,,,https://movie.douban.com/subject/1292287/,
https://img3.doubanio.com/view/movie_poster_cover/ipst/public/p792248233.jpg,,,https://movie.douban.com/subject/1292217/,
https://img3.doubanio.com/view/movie_poster_cover/ipst/public/p571671715.jpg,,,https://movie.douban.com/subject/1292062/,
https://img3.doubanio.com/view/movie_poster_cover/ipst/public/p470383576.jpg,,,https://movie.douban.com/subject/1292214/,
https://img3.doubanio.com/view/movie_poster_cover/ipst/public/p2099815842.jpg,,,https://movie.douban.com/subject/1293908/,
https://img1.doubanio.com/view/movie_poster_cover/ipst/public/p2173719647.jpg,,,https://movie.douban.com/subject/1297478/,
https://img3.doubanio.com/view/movie_poster_cover/ipst/public/p770734475.jpg,,,https://movie.douban.com/subject/1438652/,
https://img3.doubanio.com/view/movie_poster_cover/ipst/public/p1505312273.jpg,,,https://movie.douban.com/subject/4739952/,
https://img3.doubanio.com/view/movie_poster_cover/ipst/public/p1145536386.jpg,,,https://movie.douban.com/subject/3217169/,
https://img3.doubanio.com/view/movie_poster_cover/ipst/public/p2107418134.jpg,,,https://movie.douban.com/subject/1299361/,
https://img3.doubanio.com/view/movie_poster_cover/ipst/public/p584822570.jpg,,,https://movie.douban.com/subject/1308575/,
https://img3.doubanio.com/view/movie_poster_cover/ipst/public/p2173720203.jpg,,,https://movie.douban.com/subject/2053515/,
https://img3.doubanio.com/view/movie_poster_cover/ipst/public/p1735642656.jpg,,,https://movie.douban.com/subject/6534248/,
https://img3.doubanio.com/view/movie_poster_cover/ipst/public/p2255040492.jpg,,,https://movie.douban.com/subject/10463953/,
https://img3.doubanio.com/view/movie_poster_cover/ipst/public/p479565065.jpg,,,https://movie.douban.com/subject/1308777/,
https://img3.doubanio.com/view/movie_poster_cover/ipst/public/p804938713.jpg,,,https://movie.douban.com/subject/1302476/,
https://img1.doubanio.com/view/movie_poster_cover/ipst/public/p2186861098.jpg,,,https://movie.douban.com/subject/1305725/,
https://img3.doubanio.com/view/movie_poster_cover/ipst/public/p2173720670.jpg,,,https://movie.douban.com/subject/1292056/,
https://img1.doubanio.com/view/movie_poster_cover/ipst/public/p554741987.jpg,,,https://movie.douban.com/subject/1428175/,
https://img1.doubanio.com/view/movie_poster_cover/ipst/public/p768879237.jpg,,,https://movie.douban.com/subject/4023638/,
https://img3.doubanio.com/view/movie_poster_cover/ipst/public/p708613284.jpg,,,https://movie.douban.com/subject/1867345/,
https://img1.doubanio.com/view/movie_poster_cover/ipst/public/p499158228.jpg,,,https://movie.douban.com/subject/1293764/,
https://img1.doubanio.com/view/movie_poster_cover/ipst/public/p465446537.jpg,,,https://movie.douban.com/subject/3157605/,
https://img1.doubanio.com/view/movie_poster_cover/ipst/public/p1341248319.jpg,,,https://movie.douban.com/subject/1298653/,
https://img1.doubanio.com/view/movie_poster_cover/ipst/public/p616753227.jpg,,,https://movie.douban.com/subject/1301171/,
https://img3.doubanio.com/view/movie_poster_cover/ipst/public/p2001069785.jpg,,,https://movie.douban.com/subject/10808442/,
https://img3.doubanio.com/view/movie_poster_cover/ipst/public/p1538646661.jpg,,,https://movie.douban.com/subject/1300741/,
https://img3.doubanio.com/view/movie_poster_cover/ipst/public/p712241453.jpg,,,https://movie.douban.com/subject/1862151/,
https://img3.doubanio.com/view/movie_poster_cover/ipst/public/p1353910572.jpg,,,https://movie.douban.com/subject/1299327/,
https://img3.doubanio.com/view/movie_poster_cover/ipst/public/p2195672555.jpg,,,https://movie.douban.com/subject/1300117/,
https://img3.doubanio.com/view/movie_poster_cover/ipst/public/p449399746.jpg,,,https://movie.douban.com/subject/3073124/,
https://img1.doubanio.com/view/movie_poster_cover/ipst/public/p1024585648.jpg,,,https://movie.douban.com/subject/2365260/,
https://img3.doubanio.com/view/movie_poster_cover/ipst/public/p2239441575.jpg,,,https://movie.douban.com/subject/1292218/,
https://img1.doubanio.com/view/movie_poster_cover/ipst/public/p1075591188.jpg,,,https://movie.douban.com/subject/5908478/,
https://img3.doubanio.com/view/movie_poster_cover/ipst/public/p1528763106.jpg,,,https://movie.douban.com/subject/6146955/,
https://img1.doubanio.com/view/movie_poster_cover/ipst/public/p2190558219.jpg,,,https://movie.douban.com/subject/1293929/,
https://img1.doubanio.com/view/movie_poster_cover/ipst/public/p2173716829.jpg,,,https://movie.douban.com/subject/1309027/,
https://img3.doubanio.com/view/movie_poster_cover/ipst/public/p455472580.jpg,,,https://movie.douban.com/subject/1308817/,
https://img3.doubanio.com/view/movie_poster_cover/ipst/public/p2187896711.jpg,,,https://movie.douban.com/subject/25807345/,
https://img3.doubanio.com/view/movie_poster_cover/ipst/public/p1910900710.jpg,,,https://movie.douban.com/subject/1291824/,
https://img3.doubanio.com/view/movie_poster_cover/ipst/public/p479746811.jpg,,,https://movie.douban.com/subject/1304073/,
